pl_name,pl_letter,default_flag,pl_orbper,pl_orbpererr1,pl_orbpererr2,pl_orbsmax,pl_orbsmaxerr1,pl_orbeccen,pl_orbeccenerr1,pl_orbeccenlim,pl_bmasse,pl_bmasseerr1,pl_bmassprov,pl_rade,pl_radeerr1,pl_orbincl,pl_orbinclerr1,pl_tranmid,pl_tranmiderr1,st_mass,st_masserr1,st_rad,st_raderr1,st_teff,pl_refname,st_refname,pl_pubdate,disc_refname
"KOI-351 b","b",1,7.00815100000,0.00001900000,-0.00001900000,0.0740000000,0.0160000000,,,,,,,1.31000000,0.17000000,89.40000,1.50000,2454970.69060000,0.00170000,1.200000,0.100000,1.200000,0.100000,6080.00,"<a refstr=CABRERA_ET_AL__2014 href=https://ui.adsabs.harvard.edu/abs/2014ApJ...781...18C/abstract target=ref> Cabrera et al. 2014 </a>","<a refstr=CABRERA_ET_AL__2014 href=https://ui.adsabs.harvard.edu/abs/2014ApJ...781...18C/abstract target=ref> Cabrera et al. 2014 </a>","2014-01","<a refstr=CABRERA_ET_AL__2014 href=https://ui.adsabs.harvard.edu/abs/2014ApJ...781...18C/abstract target=ref> Cabrera et al. 2014 </a>"
"KOI-351 b","b",0,7.00821787000,0.00004701000,-0.00004701000,0.0738000000,,0.000000,,0,,,,1.29000000,0.21000000,89.36000,,2454970.67164000,0.00526000,1.089000,0.089000,1.200000,0.195000,5970.00,"<a refstr=Q1_Q17_DR25_KOI_TABLE href=https://exoplanetarchive.ipac.caltech.edu/docs/Kepler_KOI_docs.html target=ref>Q1-Q17 DR25 KOI Table</a>","<a refstr=Q1_Q17_DR25_KOI_TABLE href=https://exoplanetarchive.ipac.caltech.edu/docs/Kepler_KOI_docs.html target=ref>Q1-Q17 DR25 KOI Table</a>","2017-08-31 00:00","<a refstr=CABRERA_ET_AL__2014 href=https://ui.adsabs.harvard.edu/abs/2014ApJ...781...18C/abstract target=ref> Cabrera et al. 2014 </a>"
"KOI-351 b","b",0,7.00821787000,0.00004701000,-0.00004701000,,,,,0,,,,,,,,2454970.67164000,0.00526000,1.120000,,1.247730,,6031.13,"<a refstr=Q1_Q17_DR25_SUPPLEMENTAL_KOI_TABLE href=https://exoplanetarchive.ipac.caltech.edu/docs/Kepler_KOI_docs.html target=ref>Q1-Q17 DR25 Supplemental KOI Table</a>","<a refstr=STASSUN_ET_AL__2019 href=https://ui.adsabs.harvard.edu/abs/2019AJ....158..138S/abstract target=ref>TICv8</a>","2018-08-16","<a refstr=CABRERA_ET_AL__2014 href=https://ui.adsabs.harvard.edu/abs/2014ApJ...781...18C/abstract target=ref> Cabrera et al. 2014 </a>"
"KOI-351 b","b",0,7.00823300000,0.00008800000,-0.00008800000,0.0750000000,,0.000000,,0,,,,1.16000000,0.51000000,88.81000,,2454970.67170000,0.00680000,1.140000,0.120000,1.070000,0.460000,6330.00,"<a refstr=Q1_Q8_KOI_TABLE href=https://exoplanetarchive.ipac.caltech.edu/docs/Kepler_KOI_docs.html target=ref>Q1-Q8 KOI Table</a>","<a refstr=Q1_Q8_KOI_TABLE href=https://exoplanetarchive.ipac.caltech.edu/docs/Kepler_KOI_docs.html target=ref>Q1-Q8 KOI Table</a>","2014-01-08","<a refstr=CABRERA_ET_AL__2014 href=https://ui.adsabs.harvard.edu/abs/2014ApJ...781...18C/abstract target=ref> Cabrera et al. 2014 </a>"
"KOI-351 b","b",0,7.00823498380,0.00005849300,-0.00005849300,,,,,,,,,,,,,2454970.67383000,0.00541644,1.120000,,1.247730,,6031.13,"<a refstr=GAJDO_SCARON__ET_AL__2019 href=https://ui.adsabs.harvard.edu/abs/2019RAA....19...41G/abstract target=ref>Gajdo&scaron; et al. 2019</a>","<a refstr=STASSUN_ET_AL__2019 href=https://ui.adsabs.harvard.edu/abs/2019AJ....158..138S/abstract target=ref>TICv8</a>","2019-03","<a refstr=CABRERA_ET_AL__2014 href=https://ui.adsabs.harvard.edu/abs/2014ApJ...781...18C/abstract target=ref> Cabrera et al. 2014 </a>"
"KOI-351 b","b",0,7.00828076000,0.00004397000,-0.00004397000,0.0709000000,,0.000000,,0,,,,1.15000000,0.45000000,89.95000,,2454970.66899000,0.00482000,0.967000,0.144000,1.054000,0.408000,6238.00,"<a refstr=Q1_Q12_KOI_TABLE href=https://exoplanetarchive.ipac.caltech.edu/docs/Kepler_KOI_docs.html target=ref>Q1-Q12 KOI Table</a>","<a refstr=Q1_Q12_KOI_TABLE href=https://exoplanetarchive.ipac.caltech.edu/docs/Kepler_KOI_docs.html target=ref>Q1-Q12 KOI Table</a>","2014-12-04","<a refstr=CABRERA_ET_AL__2014 href=https://ui.adsabs.harvard.edu/abs/2014ApJ...781...18C/abstract target=ref> Cabrera et al. 2014 </a>"
"KOI-351 b","b",0,7.00828076000,0.00004397000,-0.00004397000,0.0709000000,,0.000000,,0,,,,1.15000000,0.45000000,89.95000,,2454970.66899000,0.00482000,0.967000,0.144000,1.054000,0.408000,6238.00,"<a refstr=Q1_Q16_KOI_TABLE href=https://exoplanetarchive.ipac.caltech.edu/docs/Kepler_KOI_docs.html target=ref>Q1-Q16 KOI Table</a>","<a refstr=Q1_Q16_KOI_TABLE href=https://exoplanetarchive.ipac.caltech.edu/docs/Kepler_KOI_docs.html target=ref>Q1-Q16 KOI Table</a>","2014-12-18","<a refstr=CABRERA_ET_AL__2014 href=https://ui.adsabs.harvard.edu/abs/2014ApJ...781...18C/abstract target=ref> Cabrera et al. 2014 </a>"
"KOI-351 b","b",0,7.00828076000,0.00004397000,-0.00004397000,0.0742000000,0.0007500000,,,,,,,1.30000000,0.06500000,,,,,1.108000,0.035000,1.185000,0.031000,6015.00,"<a refstr=FULTON__AMP__PETIGURA_2018 href=https://ui.adsabs.harvard.edu/abs/2018AJ....156..264F/abstract target=ref>Fulton &amp; Petigura 2018</a>","<a refstr=FULTON__AMP__PETIGURA_2018 href=https://ui.adsabs.harvard.edu/abs/2018AJ....156..264F/abstract target=ref>Fulton &amp; Petigura 2018</a>","2018-12","<a refstr=CABRERA_ET_AL__2014 href=https://ui.adsabs.harvard.edu/abs/2014ApJ...781...18C/abstract target=ref> Cabrera et al. 2014 </a>"
"KOI-351 b","b",0,7.00828076000,,,0.0741641627,,0.000000,,0,,,,1.30000000,0.06500000,,,,,1.108000,0.030500,,,,"<a refstr=WEISS_ET_AL__2024 href=https://ui.adsabs.harvard.edu/abs/2024ApJS..270....8W/abstract target=ref>Weiss et al. 2024</a>","<a refstr=WEISS_ET_AL__2024 href=https://ui.adsabs.harvard.edu/abs/2024ApJS..270....8W/abstract target=ref>Weiss et al. 2024</a>","2024-01","<a refstr=CABRERA_ET_AL__2014 href=https://ui.adsabs.harvard.edu/abs/2014ApJ...781...18C/abstract target=ref> Cabrera et al. 2014 </a>"
"KOI-351 c","c",1,8.71937500000,0.00002700000,-0.00002700000,0.0890000000,0.0120000000,,,,,,,1.19000000,0.14000000,89.68000,0.74000,2454972.56870000,0.00230000,1.200000,0.100000,1.200000,0.100000,6080.00,"<a refstr=CABRERA_ET_AL__2014 href=https://ui.adsabs.harvard.edu/abs/2014ApJ...781...18C/abstract target=ref> Cabrera et al. 2014 </a>","<a refstr=CABRERA_ET_AL__2014 href=https://ui.adsabs.harvard.edu/abs/2014ApJ...781...18C/abstract target=ref> Cabrera et al. 2014 </a>","2014-01","<a refstr=CABRERA_ET_AL__2014 href=https://ui.adsabs.harvard.edu/abs/2014ApJ...781...18C/abstract target=ref> Cabrera et al. 2014 </a>"
"KOI-351 c","c",0,8.71975915100,0.00007969160,-0.00007969160,,,,,,,,,,,,,2454972.52581000,0.00535855,1.120000,,1.247730,,6031.13,"<a refstr=GAJDO_SCARON__ET_AL__2019 href=https://ui.adsabs.harvard.edu/abs/2019RAA....19...41G/abstract target=ref>Gajdo&scaron; et al. 2019</a>","<a refstr=STASSUN_ET_AL__2019 href=https://ui.adsabs.harvard.edu/abs/2019AJ....158..138S/abstract target=ref>TICv8</a>","2019-03","<a refstr=CABRERA_ET_AL__2014 href=https://ui.adsabs.harvard.edu/abs/2014ApJ...781...18C/abstract target=ref> Cabrera et al. 2014 </a>"
"KOI-351 c","c",0,8.71980135000,0.00002988000,-0.00002988000,0.0854000000,,0.000000,,0,,,,1.53000000,0.25000000,88.84000,,2454972.52134000,0.00269000,1.089000,0.089000,1.200000,0.195000,5970.00,"<a refstr=Q1_Q17_DR25_KOI_TABLE href=https://exoplanetarchive.ipac.caltech.edu/docs/Kepler_KOI_docs.html target=ref>Q1-Q17 DR25 KOI Table</a>","<a refstr=Q1_Q17_DR25_KOI_TABLE href=https://exoplanetarchive.ipac.caltech.edu/docs/Kepler_KOI_docs.html target=ref>Q1-Q17 DR25 KOI Table</a>","2017-08-31 00:00","<a refstr=CABRERA_ET_AL__2014 href=https://ui.adsabs.harvard.edu/abs/2014ApJ...781...18C/abstract target=ref> Cabrera et al. 2014 </a>"
"KOI-351 c","c",0,8.71980135000,0.00002988000,-0.00002988000,,,,,0,,,,,,,,2454972.52134000,0.00269000,1.120000,,1.247730,,6031.13,"<a refstr=Q1_Q17_DR25_SUPPLEMENTAL_KOI_TABLE href=https://exoplanetarchive.ipac.caltech.edu/docs/Kepler_KOI_docs.html target=ref>Q1-Q17 DR25 Supplemental KOI Table</a>","<a refstr=STASSUN_ET_AL__2019 href=https://ui.adsabs.harvard.edu/abs/2019AJ....158..138S/abstract target=ref>TICv8</a>","2018-08-16","<a refstr=CABRERA_ET_AL__2014 href=https://ui.adsabs.harvard.edu/abs/2014ApJ...781...18C/abstract target=ref> Cabrera et al. 2014 </a>"
"KOI-351 c","c",0,8.71982853000,0.00006248000,-0.00006248000,0.0821000000,,0.000000,,0,,,,1.29000000,0.49000000,89.95000,,2454972.52174000,0.00551000,0.967000,0.144000,1.054000,0.408000,6238.00,"<a refstr=Q1_Q12_KOI_TABLE href=https://exoplanetarchive.ipac.caltech.edu/docs/Kepler_KOI_docs.html target=ref>Q1-Q12 KOI Table</a>","<a refstr=Q1_Q12_KOI_TABLE href=https://exoplanetarchive.ipac.caltech.edu/docs/Kepler_KOI_docs.html target=ref>Q1-Q12 KOI Table</a>","2014-12-04","<a refstr=CABRERA_ET_AL__2014 href=https://ui.adsabs.harvard.edu/abs/2014ApJ...781...18C/abstract target=ref> Cabrera et al. 2014 </a>"
"KOI-351 c","c",0,8.71982853000,0.00006248000,-0.00006248000,0.0821000000,,0.000000,,0,,,,1.29000000,0.49000000,89.95000,,2454972.52174000,0.00551000,0.967000,0.144000,1.054000,0.408000,6238.00,"<a refstr=Q1_Q16_KOI_TABLE href=https://exoplanetarchive.ipac.caltech.edu/docs/Kepler_KOI_docs.html target=ref>Q1-Q16 KOI Table</a>","<a refstr=Q1_Q16_KOI_TABLE href=https://exoplanetarchive.ipac.caltech.edu/docs/Kepler_KOI_docs.html target=ref>Q1-Q16 KOI Table</a>","2014-12-18","<a refstr=CABRERA_ET_AL__2014 href=https://ui.adsabs.harvard.edu/abs/2014ApJ...781...18C/abstract target=ref> Cabrera et al. 2014 </a>"
"KOI-351 c","c",0,8.71982853000,0.00006248000,-0.00006248000,0.0858200000,0.0008600000,,,,,,,1.44500000,0.06600000,,,,,1.108000,0.035000,1.185000,0.031000,6015.00,"<a refstr=FULTON__AMP__PETIGURA_2018 href=https://ui.adsabs.harvard.edu/abs/2018AJ....156..264F/abstract target=ref>Fulton &amp; Petigura 2018</a>","<a refstr=FULTON__AMP__PETIGURA_2018 href=https://ui.adsabs.harvard.edu/abs/2018AJ....156..264F/abstract target=ref>Fulton &amp; Petigura 2018</a>","2018-12","<a refstr=CABRERA_ET_AL__2014 href=https://ui.adsabs.harvard.edu/abs/2014ApJ...781...18C/abstract target=ref> Cabrera et al. 2014 </a>"
"KOI-351 c","c",0,8.71982853000,,,0.0857942931,,0.000000,,0,,,,1.44500000,0.06600000,,,,,1.108000,0.030500,,,,"<a refstr=WEISS_ET_AL__2024 href=https://ui.adsabs.harvard.edu/abs/2024ApJS..270....8W/abstract target=ref>Weiss et al. 2024</a>","<a refstr=WEISS_ET_AL__2024 href=https://ui.adsabs.harvard.edu/abs/2024ApJS..270....8W/abstract target=ref>Weiss et al. 2024</a>","2024-01","<a refstr=CABRERA_ET_AL__2014 href=https://ui.adsabs.harvard.edu/abs/2014ApJ...781...18C/abstract target=ref> Cabrera et al. 2014 </a>"
"KOI-351 c","c",0,8.71989000000,0.00010000000,-0.00010000000,0.0870000000,,0.000000,,0,,,,1.36000000,0.59000000,88.81000,,2454972.51530000,0.00610000,1.140000,0.120000,1.070000,0.460000,6330.00,"<a refstr=Q1_Q8_KOI_TABLE href=https://exoplanetarchive.ipac.caltech.edu/docs/Kepler_KOI_docs.html target=ref>Q1-Q8 KOI Table</a>","<a refstr=Q1_Q8_KOI_TABLE href=https://exoplanetarchive.ipac.caltech.edu/docs/Kepler_KOI_docs.html target=ref>Q1-Q8 KOI Table</a>","2014-01-08","<a refstr=CABRERA_ET_AL__2014 href=https://ui.adsabs.harvard.edu/abs/2014ApJ...781...18C/abstract target=ref> Cabrera et al. 2014 </a>"
"Kepler-90 i","i",1,14.44912000000,0.00020000000,-0.00020000000,,,,,,,,,1.32000000,0.21000000,89.20000,0.59000,2455644.34880000,0.00480000,1.120000,0.046000,1.290000,0.167000,6015.00,"<a refstr=SHALLUE__AMP__VANDERBURG_2018 href=https://ui.adsabs.harvard.edu/abs/2018AJ....155...94S/abstract target=ref>Shallue &amp; Vanderburg 2018</a>","<a refstr=SHALLUE__AMP__VANDERBURG_2018 href=https://ui.adsabs.harvard.edu/abs/2018AJ....155...94S/abstract target=ref>Shallue &amp; Vanderburg 2018</a>","2018-02","<a refstr=SHALLUE__AMP__VANDERBURG_2018 href=https://ui.adsabs.harvard.edu/abs/2018AJ....155...94S/abstract target=ref>Shallue &amp; Vanderburg 2018</a>"
"Kepler-90 i","i",0,14.44912000000,,,0.1201380843,,0.000000,,0,,,,1.32000000,0.21000000,,,,,1.108000,0.030500,,,,"<a refstr=WEISS_ET_AL__2024 href=https://ui.adsabs.harvard.edu/abs/2024ApJS..270....8W/abstract target=ref>Weiss et al. 2024</a>","<a refstr=WEISS_ET_AL__2024 href=https://ui.adsabs.harvard.edu/abs/2024ApJS..270....8W/abstract target=ref>Weiss et al. 2024</a>","2024-01","<a refstr=SHALLUE__AMP__VANDERBURG_2018 href=https://ui.adsabs.harvard.edu/abs/2018AJ....155...94S/abstract target=ref>Shallue &amp; Vanderburg 2018</a>"
"KOI-351 d","d",1,59.73667000000,0.00038000000,-0.00038000000,0.3200000000,0.0500000000,,,,,,,2.87000000,0.30000000,89.71000,0.29000,2454991.96560000,0.00420000,1.200000,0.100000,1.200000,0.100000,6080.00,"<a refstr=CABRERA_ET_AL__2014 href=https://ui.adsabs.harvard.edu/abs/2014ApJ...781...18C/abstract target=ref> Cabrera et al. 2014 </a>","<a refstr=CABRERA_ET_AL__2014 href=https://ui.adsabs.harvard.edu/abs/2014ApJ...781...18C/abstract target=ref> Cabrera et al. 2014 </a>","2014-01","<a refstr=CABRERA_ET_AL__2014 href=https://ui.adsabs.harvard.edu/abs/2014ApJ...781...18C/abstract target=ref> Cabrera et al. 2014 </a>"
"KOI-351 d","d",0,59.73679189850,0.00032196290,-0.00032196290,,,,,,,,,,,,,2454991.96293000,0.00412638,1.120000,,1.247730,,6031.13,"<a refstr=GAJDO_SCARON__ET_AL__2019 href=https://ui.adsabs.harvard.edu/abs/2019RAA....19...41G/abstract target=ref>Gajdo&scaron; et al. 2019</a>","<a refstr=STASSUN_ET_AL__2019 href=https://ui.adsabs.harvard.edu/abs/2019AJ....158..138S/abstract target=ref>TICv8</a>","2019-03","<a refstr=CABRERA_ET_AL__2014 href=https://ui.adsabs.harvard.edu/abs/2014ApJ...781...18C/abstract target=ref> Cabrera et al. 2014 </a>"
"KOI-351 d","d",0,59.73703480000,0.00026430000,-0.00026430000,0.2960000000,,0.000000,,0,,,,2.55000000,0.98000000,89.95000,,2454991.96124000,0.00298000,0.967000,0.144000,1.054000,0.408000,6238.00,"<a refstr=Q1_Q12_KOI_TABLE href=https://exoplanetarchive.ipac.caltech.edu/docs/Kepler_KOI_docs.html target=ref>Q1-Q12 KOI Table</a>","<a refstr=Q1_Q12_KOI_TABLE href=https://exoplanetarchive.ipac.caltech.edu/docs/Kepler_KOI_docs.html target=ref>Q1-Q12 KOI Table</a>","2014-12-04","<a refstr=CABRERA_ET_AL__2014 href=https://ui.adsabs.harvard.edu/abs/2014ApJ...781...18C/abstract target=ref> Cabrera et al. 2014 </a>"
"KOI-351 d","d",0,59.73703480000,0.00026430000,-0.00026430000,0.2960000000,,0.000000,,0,,,,2.55000000,0.98000000,89.95000,,2454991.96124000,0.00298000,0.967000,0.144000,1.054000,0.408000,6238.00,"<a refstr=Q1_Q16_KOI_TABLE href=https://exoplanetarchive.ipac.caltech.edu/docs/Kepler_KOI_docs.html target=ref>Q1-Q16 KOI Table</a>","<a refstr=Q1_Q16_KOI_TABLE href=https://exoplanetarchive.ipac.caltech.edu/docs/Kepler_KOI_docs.html target=ref>Q1-Q16 KOI Table</a>","2014-12-18","<a refstr=CABRERA_ET_AL__2014 href=https://ui.adsabs.harvard.edu/abs/2014ApJ...781...18C/abstract target=ref> Cabrera et al. 2014 </a>"
"KOI-351 d","d",0,59.73703480000,0.00026430000,-0.00026430000,0.3096000000,0.0031300000,,,,,,,2.86600000,0.09400000,,,,,1.108000,0.035000,1.185000,0.031000,6015.00,"<a refstr=FULTON__AMP__PETIGURA_2018 href=https://ui.adsabs.harvard.edu/abs/2018AJ....156..264F/abstract target=ref>Fulton &amp; Petigura 2018</a>","<a refstr=FULTON__AMP__PETIGURA_2018 href=https://ui.adsabs.harvard.edu/abs/2018AJ....156..264F/abstract target=ref>Fulton &amp; Petigura 2018</a>","2018-12","<a refstr=CABRERA_ET_AL__2014 href=https://ui.adsabs.harvard.edu/abs/2014ApJ...781...18C/abstract target=ref> Cabrera et al. 2014 </a>"
"KOI-351 d","d",0,59.73703480000,,,0.3094678550,,0.000000,,0,,,,2.86600000,0.09400000,,,,,1.108000,0.030500,,,,"<a refstr=WEISS_ET_AL__2024 href=https://ui.adsabs.harvard.edu/abs/2024ApJS..270....8W/abstract target=ref>Weiss et al. 2024</a>","<a refstr=WEISS_ET_AL__2024 href=https://ui.adsabs.harvard.edu/abs/2024ApJS..270....8W/abstract target=ref>Weiss et al. 2024</a>","2024-01","<a refstr=CABRERA_ET_AL__2014 href=https://ui.adsabs.harvard.edu/abs/2014ApJ...781...18C/abstract target=ref> Cabrera et al. 2014 </a>"
"KOI-351 d","d",0,59.73714430000,0.00024020000,-0.00024020000,0.3080000000,,0.000000,,0,,,,2.84000000,0.46000000,89.99000,,2454991.95974000,0.00276000,1.089000,0.089000,1.200000,0.195000,5970.00,"<a refstr=Q1_Q17_DR25_KOI_TABLE href=https://exoplanetarchive.ipac.caltech.edu/docs/Kepler_KOI_docs.html target=ref>Q1-Q17 DR25 KOI Table</a>","<a refstr=Q1_Q17_DR25_KOI_TABLE href=https://exoplanetarchive.ipac.caltech.edu/docs/Kepler_KOI_docs.html target=ref>Q1-Q17 DR25 KOI Table</a>","2017-08-31 00:00","<a refstr=CABRERA_ET_AL__2014 href=https://ui.adsabs.harvard.edu/abs/2014ApJ...781...18C/abstract target=ref> Cabrera et al. 2014 </a>"
"KOI-351 d","d",0,59.73714430000,0.00024020000,-0.00024020000,,,,,0,,,,,,,,2454991.95974000,0.00276000,1.120000,,1.247730,,6031.13,"<a refstr=Q1_Q17_DR25_SUPPLEMENTAL_KOI_TABLE href=https://exoplanetarchive.ipac.caltech.edu/docs/Kepler_KOI_docs.html target=ref>Q1-Q17 DR25 Supplemental KOI Table</a>","<a refstr=STASSUN_ET_AL__2019 href=https://ui.adsabs.harvard.edu/abs/2019AJ....158..138S/abstract target=ref>TICv8</a>","2018-08-16","<a refstr=CABRERA_ET_AL__2014 href=https://ui.adsabs.harvard.edu/abs/2014ApJ...781...18C/abstract target=ref> Cabrera et al. 2014 </a>"
"KOI-351 d","d",0,59.73716000000,0.00039000000,-0.00039000000,0.3120000000,,0.000000,,0,,,,2.50000000,1.10000000,89.95000,,2454991.95800000,0.00410000,1.140000,0.120000,1.070000,0.460000,6330.00,"<a refstr=Q1_Q8_KOI_TABLE href=https://exoplanetarchive.ipac.caltech.edu/docs/Kepler_KOI_docs.html target=ref>Q1-Q8 KOI Table</a>","<a refstr=Q1_Q8_KOI_TABLE href=https://exoplanetarchive.ipac.caltech.edu/docs/Kepler_KOI_docs.html target=ref>Q1-Q8 KOI Table</a>","2014-01-08","<a refstr=CABRERA_ET_AL__2014 href=https://ui.adsabs.harvard.edu/abs/2014ApJ...781...18C/abstract target=ref> Cabrera et al. 2014 </a>"
"KOI-351 d","d",0,59.73721246000,0.00000708000,-0.00000708000,,,,,,,,,,,,,2454991.96010800,0.00510200,1.120000,,1.247730,,6031.13,"<a refstr=HOLCZER_ET_AL__2016 href=https://ui.adsabs.harvard.edu/abs/2016ApJS..225....9H/abstract target=ref>Holczer et al. 2016</a>","<a refstr=STASSUN_ET_AL__2019 href=https://ui.adsabs.harvard.edu/abs/2019AJ....158..138S/abstract target=ref>TICv8</a>","2016-07","<a refstr=CABRERA_ET_AL__2014 href=https://ui.adsabs.harvard.edu/abs/2014ApJ...781...18C/abstract target=ref> Cabrera et al. 2014 </a>"
"KOI-351 e","e",1,91.93913000000,0.00073000000,-0.00073000000,0.4200000000,0.0600000000,,,,,,,2.66000000,0.29000000,89.79000,0.19000,2454967.31270000,0.00630000,1.200000,0.100000,1.200000,0.100000,6080.00,"<a refstr=CABRERA_ET_AL__2014 href=https://ui.adsabs.harvard.edu/abs/2014ApJ...781...18C/abstract target=ref> Cabrera et al. 2014 </a>","<a refstr=CABRERA_ET_AL__2014 href=https://ui.adsabs.harvard.edu/abs/2014ApJ...781...18C/abstract target=ref> Cabrera et al. 2014 </a>","2014-01","<a refstr=CABRERA_ET_AL__2014 href=https://ui.adsabs.harvard.edu/abs/2014ApJ...781...18C/abstract target=ref> Cabrera et al. 2014 </a>"
"KOI-351 e","e",0,91.93933735000,0.00000950000,-0.00000950000,,,,,,,,,,,,,2454967.30767800,0.00783500,1.120000,,1.247730,,6031.13,"<a refstr=HOLCZER_ET_AL__2016 href=https://ui.adsabs.harvard.edu/abs/2016ApJS..225....9H/abstract target=ref>Holczer et al. 2016</a>","<a refstr=STASSUN_ET_AL__2019 href=https://ui.adsabs.harvard.edu/abs/2019AJ....158..138S/abstract target=ref>TICv8</a>","2016-07","<a refstr=CABRERA_ET_AL__2014 href=https://ui.adsabs.harvard.edu/abs/2014ApJ...781...18C/abstract target=ref> Cabrera et al. 2014 </a>"
"KOI-351 e","e",0,91.93984248600,0.00047925650,-0.00047925650,,,,,,,,,,,,,2454967.30249000,0.00469628,1.120000,,1.247730,,6031.13,"<a refstr=GAJDO_SCARON__ET_AL__2019 href=https://ui.adsabs.harvard.edu/abs/2019RAA....19...41G/abstract target=ref>Gajdo&scaron; et al. 2019</a>","<a refstr=STASSUN_ET_AL__2019 href=https://ui.adsabs.harvard.edu/abs/2019AJ....158..138S/abstract target=ref>TICv8</a>","2019-03","<a refstr=CABRERA_ET_AL__2014 href=https://ui.adsabs.harvard.edu/abs/2014ApJ...781...18C/abstract target=ref> Cabrera et al. 2014 </a>"
"KOI-351 e","e",0,91.94012530000,0.00054660000,-0.00054660000,0.4105000000,,0.000000,,0,,,,2.62000000,0.43000000,89.98000,,2454967.30000000,0.00473000,1.089000,0.089000,1.200000,0.195000,5970.00,"<a refstr=Q1_Q17_DR25_KOI_TABLE href=https://exoplanetarchive.ipac.caltech.edu/docs/Kepler_KOI_docs.html target=ref>Q1-Q17 DR25 KOI Table</a>","<a refstr=Q1_Q17_DR25_KOI_TABLE href=https://exoplanetarchive.ipac.caltech.edu/docs/Kepler_KOI_docs.html target=ref>Q1-Q17 DR25 KOI Table</a>","2017-08-31 00:00","<a refstr=CABRERA_ET_AL__2014 href=https://ui.adsabs.harvard.edu/abs/2014ApJ...781...18C/abstract target=ref> Cabrera et al. 2014 </a>"
"KOI-351 e","e",0,91.94012530000,0.00054660000,-0.00054660000,,,,,0,,,,,,,,2454967.30000000,0.00473000,1.120000,,1.247730,,6031.13,"<a refstr=Q1_Q17_DR25_SUPPLEMENTAL_KOI_TABLE href=https://exoplanetarchive.ipac.caltech.edu/docs/Kepler_KOI_docs.html target=ref>Q1-Q17 DR25 Supplemental KOI Table</a>","<a refstr=STASSUN_ET_AL__2019 href=https://ui.adsabs.harvard.edu/abs/2019AJ....158..138S/abstract target=ref>TICv8</a>","2018-08-16","<a refstr=CABRERA_ET_AL__2014 href=https://ui.adsabs.harvard.edu/abs/2014ApJ...781...18C/abstract target=ref> Cabrera et al. 2014 </a>"
"KOI-351 e","e",0,91.94046030000,0.00058640000,-0.00058640000,0.3945000000,,0.000000,,0,,,,2.32000000,0.90000000,89.95000,,2454967.29878000,0.00525000,0.967000,0.144000,1.054000,0.408000,6238.00,"<a refstr=Q1_Q12_KOI_TABLE href=https://exoplanetarchive.ipac.caltech.edu/docs/Kepler_KOI_docs.html target=ref>Q1-Q12 KOI Table</a>","<a refstr=Q1_Q12_KOI_TABLE href=https://exoplanetarchive.ipac.caltech.edu/docs/Kepler_KOI_docs.html target=ref>Q1-Q12 KOI Table</a>","2014-12-04","<a refstr=CABRERA_ET_AL__2014 href=https://ui.adsabs.harvard.edu/abs/2014ApJ...781...18C/abstract target=ref> Cabrera et al. 2014 </a>"
"KOI-351 e","e",0,91.94046030000,0.00058640000,-0.00058640000,0.3945000000,,0.000000,,0,,,,2.32000000,0.90000000,89.95000,,2454967.29878000,0.00525000,0.967000,0.144000,1.054000,0.408000,6238.00,"<a refstr=Q1_Q16_KOI_TABLE href=https://exoplanetarchive.ipac.caltech.edu/docs/Kepler_KOI_docs.html target=ref>Q1-Q16 KOI Table</a>","<a refstr=Q1_Q16_KOI_TABLE href=https://exoplanetarchive.ipac.caltech.edu/docs/Kepler_KOI_docs.html target=ref>Q1-Q16 KOI Table</a>","2014-12-18","<a refstr=CABRERA_ET_AL__2014 href=https://ui.adsabs.harvard.edu/abs/2014ApJ...781...18C/abstract target=ref> Cabrera et al. 2014 </a>"
"KOI-351 e","e",0,91.94046030000,0.00058640000,-0.00058640000,0.4127500000,0.0041900000,,,,,,,2.61200000,0.09400000,,,,,1.108000,0.035000,1.185000,0.031000,6015.00,"<a refstr=FULTON__AMP__PETIGURA_2018 href=https://ui.adsabs.harvard.edu/abs/2018AJ....156..264F/abstract target=ref>Fulton &amp; Petigura 2018</a>","<a refstr=FULTON__AMP__PETIGURA_2018 href=https://ui.adsabs.harvard.edu/abs/2018AJ....156..264F/abstract target=ref>Fulton &amp; Petigura 2018</a>","2018-12","<a refstr=CABRERA_ET_AL__2014 href=https://ui.adsabs.harvard.edu/abs/2014ApJ...781...18C/abstract target=ref> Cabrera et al. 2014 </a>"
"KOI-351 e","e",0,91.94046030000,,,0.4125319150,,0.000000,,0,,,,2.61200000,0.09400000,,,,,1.108000,0.030500,,,,"<a refstr=WEISS_ET_AL__2024 href=https://ui.adsabs.harvard.edu/abs/2024ApJS..270....8W/abstract target=ref>Weiss et al. 2024</a>","<a refstr=WEISS_ET_AL__2024 href=https://ui.adsabs.harvard.edu/abs/2024ApJS..270....8W/abstract target=ref>Weiss et al. 2024</a>","2024-01","<a refstr=CABRERA_ET_AL__2014 href=https://ui.adsabs.harvard.edu/abs/2014ApJ...781...18C/abstract target=ref> Cabrera et al. 2014 </a>"
"KOI-351 e","e",0,91.94069000000,0.00085000000,-0.00085000000,0.4160000000,,0.000000,,0,,,,2.25000000,0.98000000,89.95000,,2454967.29620000,0.00650000,1.140000,0.120000,1.070000,0.460000,6330.00,"<a refstr=Q1_Q8_KOI_TABLE href=https://exoplanetarchive.ipac.caltech.edu/docs/Kepler_KOI_docs.html target=ref>Q1-Q8 KOI Table</a>","<a refstr=Q1_Q8_KOI_TABLE href=https://exoplanetarchive.ipac.caltech.edu/docs/Kepler_KOI_docs.html target=ref>Q1-Q8 KOI Table</a>","2014-01-08","<a refstr=CABRERA_ET_AL__2014 href=https://ui.adsabs.harvard.edu/abs/2014ApJ...781...18C/abstract target=ref> Cabrera et al. 2014 </a>"
"KOI-351 f","f",0,124.91349729000,0.00037797370,-0.00037797370,,,,,,,,,,,,,2455087.71013000,0.00334513,1.120000,,1.247730,,6031.13,"<a refstr=GAJDO_SCARON__ET_AL__2019 href=https://ui.adsabs.harvard.edu/abs/2019RAA....19...41G/abstract target=ref>Gajdo&scaron; et al. 2019</a>","<a refstr=STASSUN_ET_AL__2019 href=https://ui.adsabs.harvard.edu/abs/2019AJ....158..138S/abstract target=ref>TICv8</a>","2019-03","<a refstr=CABRERA_ET_AL__2014 href=https://ui.adsabs.harvard.edu/abs/2014ApJ...781...18C/abstract target=ref> Cabrera et al. 2014 </a>"
"KOI-351 f","f",1,124.91440000000,0.00190000000,-0.00190000000,0.4800000000,0.0900000000,,,,,,,2.88000000,0.52000000,89.77000,0.31000,2455087.70400000,0.01400000,1.200000,0.100000,1.200000,0.100000,6080.00,"<a refstr=CABRERA_ET_AL__2014 href=https://ui.adsabs.harvard.edu/abs/2014ApJ...781...18C/abstract target=ref> Cabrera et al. 2014 </a>","<a refstr=CABRERA_ET_AL__2014 href=https://ui.adsabs.harvard.edu/abs/2014ApJ...781...18C/abstract target=ref> Cabrera et al. 2014 </a>","2014-01","<a refstr=CABRERA_ET_AL__2014 href=https://ui.adsabs.harvard.edu/abs/2014ApJ...781...18C/abstract target=ref> Cabrera et al. 2014 </a>"
"KOI-351 f","f",0,124.91633700000,0.00144300000,-0.00144300000,0.4840000000,,0.000000,,0,,,,2.46000000,0.96000000,89.95000,,2454962.75680000,0.01030000,0.967000,0.144000,1.054000,0.408000,6238.00,"<a refstr=Q1_Q12_KOI_TABLE href=https://exoplanetarchive.ipac.caltech.edu/docs/Kepler_KOI_docs.html target=ref>Q1-Q12 KOI Table</a>","<a refstr=Q1_Q12_KOI_TABLE href=https://exoplanetarchive.ipac.caltech.edu/docs/Kepler_KOI_docs.html target=ref>Q1-Q12 KOI Table</a>","2014-12-04","<a refstr=CABRERA_ET_AL__2014 href=https://ui.adsabs.harvard.edu/abs/2014ApJ...781...18C/abstract target=ref> Cabrera et al. 2014 </a>"
"KOI-351 f","f",0,124.91633700000,0.00144300000,-0.00144300000,0.4840000000,,0.000000,,0,,,,2.46000000,0.96000000,89.95000,,2454962.75680000,0.01030000,0.967000,0.144000,1.054000,0.408000,6238.00,"<a refstr=Q1_Q16_KOI_TABLE href=https://exoplanetarchive.ipac.caltech.edu/docs/Kepler_KOI_docs.html target=ref>Q1-Q16 KOI Table</a>","<a refstr=Q1_Q16_KOI_TABLE href=https://exoplanetarchive.ipac.caltech.edu/docs/Kepler_KOI_docs.html target=ref>Q1-Q16 KOI Table</a>","2014-12-18","<a refstr=CABRERA_ET_AL__2014 href=https://ui.adsabs.harvard.edu/abs/2014ApJ...781...18C/abstract target=ref> Cabrera et al. 2014 </a>"
"KOI-351 f","f",0,124.91633700000,0.00144300000,-0.00144300000,0.5062000000,0.0051600000,,,,,,,2.77000000,0.12000000,,,,,1.108000,0.035000,1.185000,0.031000,6015.00,"<a refstr=FULTON__AMP__PETIGURA_2018 href=https://ui.adsabs.harvard.edu/abs/2018AJ....156..264F/abstract target=ref>Fulton &amp; Petigura 2018</a>","<a refstr=FULTON__AMP__PETIGURA_2018 href=https://ui.adsabs.harvard.edu/abs/2018AJ....156..264F/abstract target=ref>Fulton &amp; Petigura 2018</a>","2018-12","<a refstr=CABRERA_ET_AL__2014 href=https://ui.adsabs.harvard.edu/abs/2014ApJ...781...18C/abstract target=ref> Cabrera et al. 2014 </a>"
"KOI-351 f","f",0,124.91633700000,,,0.5060567991,,0.000000,,0,,,,2.77000000,0.12000000,,,,,1.108000,0.030500,,,,"<a refstr=WEISS_ET_AL__2024 href=https://ui.adsabs.harvard.edu/abs/2024ApJS..270....8W/abstract target=ref>Weiss et al. 2024</a>","<a refstr=WEISS_ET_AL__2024 href=https://ui.adsabs.harvard.edu/abs/2024ApJS..270....8W/abstract target=ref>Weiss et al. 2024</a>","2024-01","<a refstr=CABRERA_ET_AL__2014 href=https://ui.adsabs.harvard.edu/abs/2014ApJ...781...18C/abstract target=ref> Cabrera et al. 2014 </a>"
"KOI-351 f","f",0,124.92251600000,0.00281600000,-0.00281600000,0.5036000000,,0.000000,,0,,,,3.37000000,0.55000000,88.33000,,2454962.72950000,0.02160000,1.089000,0.089000,1.200000,0.195000,5970.00,"<a refstr=Q1_Q17_DR25_KOI_TABLE href=https://exoplanetarchive.ipac.caltech.edu/docs/Kepler_KOI_docs.html target=ref>Q1-Q17 DR25 KOI Table</a>","<a refstr=Q1_Q17_DR25_KOI_TABLE href=https://exoplanetarchive.ipac.caltech.edu/docs/Kepler_KOI_docs.html target=ref>Q1-Q17 DR25 KOI Table</a>","2017-08-31 00:00","<a refstr=CABRERA_ET_AL__2014 href=https://ui.adsabs.harvard.edu/abs/2014ApJ...781...18C/abstract target=ref> Cabrera et al. 2014 </a>"
"KOI-351 f","f",0,124.92251600000,0.00281600000,-0.00281600000,,,,,0,,,,,,,,2454962.72950000,0.02160000,1.120000,,1.247730,,6031.13,"<a refstr=Q1_Q17_DR25_SUPPLEMENTAL_KOI_TABLE href=https://exoplanetarchive.ipac.caltech.edu/docs/Kepler_KOI_docs.html target=ref>Q1-Q17 DR25 Supplemental KOI Table</a>","<a refstr=STASSUN_ET_AL__2019 href=https://ui.adsabs.harvard.edu/abs/2019AJ....158..138S/abstract target=ref>TICv8</a>","2018-08-16","<a refstr=CABRERA_ET_AL__2014 href=https://ui.adsabs.harvard.edu/abs/2014ApJ...781...18C/abstract target=ref> Cabrera et al. 2014 </a>"
"KOI-351 g","g",0,210.48000000000,0.05000000000,-0.05000000000,,,0.049000,0.011000,0,15.00000000,0.90000000,"Mass",,,89.92000,0.03000,,,1.200000,0.100000,1.200000,0.100000,6080.00,"<a refstr=LIANG_ET_AL__2021 href=https://ui.adsabs.harvard.edu/abs/2021AJ....161..202L/abstract target=ref>Liang et al. 2021</a>","<a refstr=CABRERA_ET_AL__2014 href=https://ui.adsabs.harvard.edu/abs/2014ApJ...781...18C/abstract target=ref> Cabrera et al. 2014 </a>","2021-04","<a refstr=CABRERA_ET_AL__2014 href=https://ui.adsabs.harvard.edu/abs/2014ApJ...781...18C/abstract target=ref> Cabrera et al. 2014 </a>"
"KOI-351 g","g",0,210.59334066000,0.00018129460,-0.00018129460,,,,,,,,,,,,,2454980.09151000,0.00003923,1.120000,,1.247730,,6031.13,"<a refstr=GAJDO_SCARON__ET_AL__2019 href=https://ui.adsabs.harvard.edu/abs/2019RAA....19...41G/abstract target=ref>Gajdo&scaron; et al. 2019</a>","<a refstr=STASSUN_ET_AL__2019 href=https://ui.adsabs.harvard.edu/abs/2019AJ....158..138S/abstract target=ref>TICv8</a>","2019-03","<a refstr=CABRERA_ET_AL__2014 href=https://ui.adsabs.harvard.edu/abs/2014ApJ...781...18C/abstract target=ref> Cabrera et al. 2014 </a>"
"KOI-351 g","g",0,210.59351330000,0.00001099000,-0.00001099000,,,,,,,,,,,,,2454980.09910400,0.00850200,1.120000,,1.247730,,6031.13,"<a refstr=HOLCZER_ET_AL__2016 href=https://ui.adsabs.harvard.edu/abs/2016ApJS..225....9H/abstract target=ref>Holczer et al. 2016</a>","<a refstr=STASSUN_ET_AL__2019 href=https://ui.adsabs.harvard.edu/abs/2019AJ....158..138S/abstract target=ref>TICv8</a>","2016-07","<a refstr=CABRERA_ET_AL__2014 href=https://ui.adsabs.harvard.edu/abs/2014ApJ...781...18C/abstract target=ref> Cabrera et al. 2014 </a>"
"KOI-351 g","g",0,210.59659000000,0.00040000000,-0.00040000000,0.7240000000,,0.000000,,0,,,,6.80000000,3.00000000,89.95000,,2454980.08560000,0.00120000,1.140000,0.120000,1.070000,0.460000,6330.00,"<a refstr=Q1_Q8_KOI_TABLE href=https://exoplanetarchive.ipac.caltech.edu/docs/Kepler_KOI_docs.html target=ref>Q1-Q8 KOI Table</a>","<a refstr=Q1_Q8_KOI_TABLE href=https://exoplanetarchive.ipac.caltech.edu/docs/Kepler_KOI_docs.html target=ref>Q1-Q8 KOI Table</a>","2014-01-08","<a refstr=CABRERA_ET_AL__2014 href=https://ui.adsabs.harvard.edu/abs/2014ApJ...781...18C/abstract target=ref> Cabrera et al. 2014 </a>"
"KOI-351 g","g",0,210.60138430000,0.00023470000,-0.00023470000,0.7133000000,,0.000000,,0,,,,7.70000000,1.25000000,90.00000,,2454980.05686700,0.00088600,1.089000,0.089000,1.200000,0.195000,5970.00,"<a refstr=Q1_Q17_DR25_KOI_TABLE href=https://exoplanetarchive.ipac.caltech.edu/docs/Kepler_KOI_docs.html target=ref>Q1-Q17 DR25 KOI Table</a>","<a refstr=Q1_Q17_DR25_KOI_TABLE href=https://exoplanetarchive.ipac.caltech.edu/docs/Kepler_KOI_docs.html target=ref>Q1-Q17 DR25 KOI Table</a>","2017-08-31 00:00","<a refstr=CABRERA_ET_AL__2014 href=https://ui.adsabs.harvard.edu/abs/2014ApJ...781...18C/abstract target=ref> Cabrera et al. 2014 </a>"
"KOI-351 g","g",0,210.60138430000,0.00023470000,-0.00023470000,,,,,0,,,,,,,,2454980.05686700,0.00088600,1.120000,,1.247730,,6031.13,"<a refstr=Q1_Q17_DR25_SUPPLEMENTAL_KOI_TABLE href=https://exoplanetarchive.ipac.caltech.edu/docs/Kepler_KOI_docs.html target=ref>Q1-Q17 DR25 Supplemental KOI Table</a>","<a refstr=STASSUN_ET_AL__2019 href=https://ui.adsabs.harvard.edu/abs/2019AJ....158..138S/abstract target=ref>TICv8</a>","2018-08-16","<a refstr=CABRERA_ET_AL__2014 href=https://ui.adsabs.harvard.edu/abs/2014ApJ...781...18C/abstract target=ref> Cabrera et al. 2014 </a>"
"KOI-351 g","g",0,210.60300000000,,,,,,,,254.26400000,,"Mass",8.07048000,0.78463000,,,,,1.200000,0.100000,1.200000,0.100000,6080.00,"<a refstr=SANTERNE_ET_AL__2016 href=https://ui.adsabs.harvard.edu/abs/2016A&A...587A..64S/abstract target=ref>Santerne et al. 2016</a>","<a refstr=SANTERNE_ET_AL__2016 href=https://ui.adsabs.harvard.edu/abs/2016A&A...587A..64S/abstract target=ref>Santerne et al. 2016</a>","2016-03","<a refstr=CABRERA_ET_AL__2014 href=https://ui.adsabs.harvard.edu/abs/2014ApJ...781...18C/abstract target=ref> Cabrera et al. 2014 </a>"
"KOI-351 g","g",0,210.60311050000,0.00038210000,-0.00038210000,0.6856000000,,0.000000,,0,,,,6.86000000,2.66000000,89.95000,,2454980.05040000,0.00157000,0.967000,0.144000,1.054000,0.408000,6238.00,"<a refstr=Q1_Q12_KOI_TABLE href=https://exoplanetarchive.ipac.caltech.edu/docs/Kepler_KOI_docs.html target=ref>Q1-Q12 KOI Table</a>","<a refstr=Q1_Q12_KOI_TABLE href=https://exoplanetarchive.ipac.caltech.edu/docs/Kepler_KOI_docs.html target=ref>Q1-Q12 KOI Table</a>","2014-12-04","<a refstr=CABRERA_ET_AL__2014 href=https://ui.adsabs.harvard.edu/abs/2014ApJ...781...18C/abstract target=ref> Cabrera et al. 2014 </a>"
"KOI-351 g","g",0,210.60311050000,0.00038210000,-0.00038210000,0.6856000000,,0.000000,,0,,,,6.86000000,2.66000000,89.95000,,2454980.05040000,0.00157000,0.967000,0.144000,1.054000,0.408000,6238.00,"<a refstr=Q1_Q16_KOI_TABLE href=https://exoplanetarchive.ipac.caltech.edu/docs/Kepler_KOI_docs.html target=ref>Q1-Q16 KOI Table</a>","<a refstr=Q1_Q16_KOI_TABLE href=https://exoplanetarchive.ipac.caltech.edu/docs/Kepler_KOI_docs.html target=ref>Q1-Q16 KOI Table</a>","2014-12-18","<a refstr=CABRERA_ET_AL__2014 href=https://ui.adsabs.harvard.edu/abs/2014ApJ...781...18C/abstract target=ref> Cabrera et al. 2014 </a>"
"KOI-351 g","g",0,210.60311050000,0.00038210000,-0.00038210000,0.7170400000,0.0072900000,,,,,,,7.71800000,0.20600000,,,,,1.108000,0.035000,1.185000,0.031000,6015.00,"<a refstr=FULTON__AMP__PETIGURA_2018 href=https://ui.adsabs.harvard.edu/abs/2018AJ....156..264F/abstract target=ref>Fulton &amp; Petigura 2018</a>","<a refstr=FULTON__AMP__PETIGURA_2018 href=https://ui.adsabs.harvard.edu/abs/2018AJ....156..264F/abstract target=ref>Fulton &amp; Petigura 2018</a>","2018-12","<a refstr=CABRERA_ET_AL__2014 href=https://ui.adsabs.harvard.edu/abs/2014ApJ...781...18C/abstract target=ref> Cabrera et al. 2014 </a>"
"KOI-351 g","g",0,210.60311050000,,,0.7168522035,,0.000000,,0,22.70577859,24.51579472,"Msini",7.71800000,0.20600000,,,,,1.108000,0.030500,,,,"<a refstr=WEISS_ET_AL__2024 href=https://ui.adsabs.harvard.edu/abs/2024ApJS..270....8W/abstract target=ref>Weiss et al. 2024</a>","<a refstr=WEISS_ET_AL__2024 href=https://ui.adsabs.harvard.edu/abs/2024ApJS..270....8W/abstract target=ref>Weiss et al. 2024</a>","2024-01","<a refstr=CABRERA_ET_AL__2014 href=https://ui.adsabs.harvard.edu/abs/2014ApJ...781...18C/abstract target=ref> Cabrera et al. 2014 </a>"
"KOI-351 g","g",0,210.60697000000,0.00043000000,-0.00043000000,0.7100000000,0.0800000000,,,,,,,8.10000000,0.80000000,89.80000,0.06000,2454980.03640000,0.00140000,1.200000,0.100000,1.200000,0.100000,6080.00,"<a refstr=CABRERA_ET_AL__2014 href=https://ui.adsabs.harvard.edu/abs/2014ApJ...781...18C/abstract target=ref> Cabrera et al. 2014 </a>","<a refstr=CABRERA_ET_AL__2014 href=https://ui.adsabs.harvard.edu/abs/2014ApJ...781...18C/abstract target=ref> Cabrera et al. 2014 </a>","2014-01","<a refstr=CABRERA_ET_AL__2014 href=https://ui.adsabs.harvard.edu/abs/2014ApJ...781...18C/abstract target=ref> Cabrera et al. 2014 </a>"
"KOI-351 g","g",1,210.73514000000,0.00017000000,-0.00017000000,,,0.029200,0.003800,0,15.00000000,1.30000000,"Mass",,,,,2454979.97608000,0.00091000,1.242000,0.096000,,,,"<a refstr=SHAW_ET_AL__2025 href=https://ui.adsabs.harvard.edu/abs/2025AJ....170..146S/abstract target=ref>Shaw et al. 2025</a>","<a refstr=SHAW_ET_AL__2025 href=https://ui.adsabs.harvard.edu/abs/2025AJ....170..146S/abstract target=ref>Shaw et al. 2025</a>","2025-09","<a refstr=CABRERA_ET_AL__2014 href=https://ui.adsabs.harvard.edu/abs/2014ApJ...781...18C/abstract target=ref> Cabrera et al. 2014 </a>"
"KOI-351 h","h",0,331.59727320000,0.00024590000,-0.00024590000,0.9654000000,,0.000000,,0,,,,10.89000000,1.77000000,89.99000,,2454973.49892900,0.00058600,1.089000,0.089000,1.200000,0.195000,5970.00,"<a refstr=Q1_Q17_DR25_KOI_TABLE href=https://exoplanetarchive.ipac.caltech.edu/docs/Kepler_KOI_docs.html target=ref>Q1-Q17 DR25 KOI Table</a>","<a refstr=Q1_Q17_DR25_KOI_TABLE href=https://exoplanetarchive.ipac.caltech.edu/docs/Kepler_KOI_docs.html target=ref>Q1-Q17 DR25 KOI Table</a>","2017-08-31 00:00","<a refstr=CABRERA_ET_AL__2014 href=https://ui.adsabs.harvard.edu/abs/2014ApJ...781...18C/abstract target=ref> Cabrera et al. 2014 </a>"
"KOI-351 h","h",0,331.59727320000,0.00024590000,-0.00024590000,,,,,0,,,,,,,,2454973.49892900,0.00058600,1.120000,,1.247730,,6031.13,"<a refstr=Q1_Q17_DR25_SUPPLEMENTAL_KOI_TABLE href=https://exoplanetarchive.ipac.caltech.edu/docs/Kepler_KOI_docs.html target=ref>Q1-Q17 DR25 Supplemental KOI Table</a>","<a refstr=STASSUN_ET_AL__2019 href=https://ui.adsabs.harvard.edu/abs/2019AJ....158..138S/abstract target=ref>TICv8</a>","2018-08-16","<a refstr=CABRERA_ET_AL__2014 href=https://ui.adsabs.harvard.edu/abs/2014ApJ...781...18C/abstract target=ref> Cabrera et al. 2014 </a>"
"KOI-351 h","h",0,331.60059000000,0.00037000000,-0.00037000000,1.0100000000,0.1100000000,,,,,,,11.30000000,1.00000000,89.60000,1.30000,2454973.49631000,0.00082000,1.200000,0.100000,1.200000,0.100000,6080.00,"<a refstr=CABRERA_ET_AL__2014 href=https://ui.adsabs.harvard.edu/abs/2014ApJ...781...18C/abstract target=ref> Cabrera et al. 2014 </a>","<a refstr=CABRERA_ET_AL__2014 href=https://ui.adsabs.harvard.edu/abs/2014ApJ...781...18C/abstract target=ref> Cabrera et al. 2014 </a>","2014-01","<a refstr=CABRERA_ET_AL__2014 href=https://ui.adsabs.harvard.edu/abs/2014ApJ...781...18C/abstract target=ref> Cabrera et al. 2014 </a>"
"KOI-351 h","h",0,331.60100000000,,,,,,,,381.39600000,,"Mass",11.32109000,1.00881000,,,,,1.200000,0.100000,1.200000,0.100000,6080.00,"<a refstr=SANTERNE_ET_AL__2016 href=https://ui.adsabs.harvard.edu/abs/2016A&A...587A..64S/abstract target=ref>Santerne et al. 2016</a>","<a refstr=SANTERNE_ET_AL__2016 href=https://ui.adsabs.harvard.edu/abs/2016A&A...587A..64S/abstract target=ref>Santerne et al. 2016</a>","2016-03","<a refstr=CABRERA_ET_AL__2014 href=https://ui.adsabs.harvard.edu/abs/2014ApJ...781...18C/abstract target=ref> Cabrera et al. 2014 </a>"
"KOI-351 h","h",0,331.60110810000,0.00071160000,-0.00071160000,0.9279000000,,0.000000,,0,,,,10.01000000,3.87000000,89.95000,,2454973.49087000,0.00243000,0.967000,0.144000,1.054000,0.408000,6238.00,"<a refstr=Q1_Q12_KOI_TABLE href=https://exoplanetarchive.ipac.caltech.edu/docs/Kepler_KOI_docs.html target=ref>Q1-Q12 KOI Table</a>","<a refstr=Q1_Q12_KOI_TABLE href=https://exoplanetarchive.ipac.caltech.edu/docs/Kepler_KOI_docs.html target=ref>Q1-Q12 KOI Table</a>","2014-12-04","<a refstr=CABRERA_ET_AL__2014 href=https://ui.adsabs.harvard.edu/abs/2014ApJ...781...18C/abstract target=ref> Cabrera et al. 2014 </a>"
"KOI-351 h","h",0,331.60110810000,0.00071160000,-0.00071160000,0.9279000000,,0.000000,,0,,,,10.01000000,3.87000000,89.95000,,2454973.49087000,0.00243000,0.967000,0.144000,1.054000,0.408000,6238.00,"<a refstr=Q1_Q16_KOI_TABLE href=https://exoplanetarchive.ipac.caltech.edu/docs/Kepler_KOI_docs.html target=ref>Q1-Q16 KOI Table</a>","<a refstr=Q1_Q16_KOI_TABLE href=https://exoplanetarchive.ipac.caltech.edu/docs/Kepler_KOI_docs.html target=ref>Q1-Q16 KOI Table</a>","2014-12-18","<a refstr=CABRERA_ET_AL__2014 href=https://ui.adsabs.harvard.edu/abs/2014ApJ...781...18C/abstract target=ref> Cabrera et al. 2014 </a>"
"KOI-351 h","h",0,331.60110810000,0.00071160000,-0.00071160000,0.9279000000,,0.000000,,0,,,,10.01000000,3.87000000,89.95000,,2454973.49087000,0.00243000,0.967000,0.144000,1.054000,0.408000,6238.00,"<a refstr=Q1_Q17_DR24_KOI_TABLE href=https://exoplanetarchive.ipac.caltech.edu/docs/Kepler_KOI_docs.html target=ref>Q1-Q17 DR24 KOI Table</a>","<a refstr=Q1_Q17_DR24_KOI_TABLE href=https://exoplanetarchive.ipac.caltech.edu/docs/Kepler_KOI_docs.html target=ref>Q1-Q17 DR24 KOI Table</a>","2015-09-24","<a refstr=CABRERA_ET_AL__2014 href=https://ui.adsabs.harvard.edu/abs/2014ApJ...781...18C/abstract target=ref> Cabrera et al. 2014 </a>"
"KOI-351 h","h",0,331.60110810000,0.00071160000,-0.00071160000,,,,,,,,,11.44000000,1.39000000,,,2454973.49087000,0.00243000,1.120000,,1.247730,,6031.13,"<a refstr=MORTON_ET_AL__2016 href=https://ui.adsabs.harvard.edu/abs/2016ApJ...822...86M/abstract target=ref>Morton et al. 2016</a>","<a refstr=STASSUN_ET_AL__2019 href=https://ui.adsabs.harvard.edu/abs/2019AJ....158..138S/abstract target=ref>TICv8</a>","2016-05","<a refstr=CABRERA_ET_AL__2014 href=https://ui.adsabs.harvard.edu/abs/2014ApJ...781...18C/abstract target=ref> Cabrera et al. 2014 </a>"
"KOI-351 h","h",0,331.60110810000,0.00071160000,-0.00071160000,0.9706200000,0.0098600000,,,,,,,11.25200000,0.30600000,,,,,1.108000,0.035000,1.185000,0.031000,6015.00,"<a refstr=FULTON__AMP__PETIGURA_2018 href=https://ui.adsabs.harvard.edu/abs/2018AJ....156..264F/abstract target=ref>Fulton &amp; Petigura 2018</a>","<a refstr=FULTON__AMP__PETIGURA_2018 href=https://ui.adsabs.harvard.edu/abs/2018AJ....156..264F/abstract target=ref>Fulton &amp; Petigura 2018</a>","2018-12","<a refstr=CABRERA_ET_AL__2014 href=https://ui.adsabs.harvard.edu/abs/2014ApJ...781...18C/abstract target=ref> Cabrera et al. 2014 </a>"
"KOI-351 h","h",0,331.60110810000,,,0.9702055452,,0.000000,,0,235.74951940,33.43834060,"Msini",11.25200000,0.30600000,,,,,1.108000,0.030500,,,,"<a refstr=WEISS_ET_AL__2024 href=https://ui.adsabs.harvard.edu/abs/2024ApJS..270....8W/abstract target=ref>Weiss et al. 2024</a>","<a refstr=WEISS_ET_AL__2024 href=https://ui.adsabs.harvard.edu/abs/2024ApJS..270....8W/abstract target=ref>Weiss et al. 2024</a>","2024-01","<a refstr=CABRERA_ET_AL__2014 href=https://ui.adsabs.harvard.edu/abs/2014ApJ...781...18C/abstract target=ref> Cabrera et al. 2014 </a>"
"KOI-351 h","h",1,331.60296000000,0.00034000000,-0.00034000000,,,0.027600,0.003100,0,203.00000000,16.00000000,"Mass",,,,,2454973.50056000,0.00084000,1.242000,0.096000,,,,"<a refstr=SHAW_ET_AL__2025 href=https://ui.adsabs.harvard.edu/abs/2025AJ....170..146S/abstract target=ref>Shaw et al. 2025</a>","<a refstr=SHAW_ET_AL__2025 href=https://ui.adsabs.harvard.edu/abs/2025AJ....170..146S/abstract target=ref>Shaw et al. 2025</a>","2025-09","<a refstr=CABRERA_ET_AL__2014 href=https://ui.adsabs.harvard.edu/abs/2014ApJ...781...18C/abstract target=ref> Cabrera et al. 2014 </a>"
"KOI-351 h","h",0,331.64300000000,0.00130000000,-0.00130000000,0.9800000000,,0.000000,,0,,,,9.80000000,4.20000000,89.95000,,2454973.47723000,0.00093000,1.140000,0.120000,1.070000,0.460000,6330.00,"<a refstr=Q1_Q8_KOI_TABLE href=https://exoplanetarchive.ipac.caltech.edu/docs/Kepler_KOI_docs.html target=ref>Q1-Q8 KOI Table</a>","<a refstr=Q1_Q8_KOI_TABLE href=https://exoplanetarchive.ipac.caltech.edu/docs/Kepler_KOI_docs.html target=ref>Q1-Q8 KOI Table</a>","2014-01-08","<a refstr=CABRERA_ET_AL__2014 href=https://ui.adsabs.harvard.edu/abs/2014ApJ...781...18C/abstract target=ref> Cabrera et al. 2014 </a>"
"KOI-351 h","h",0,331.65700000000,0.00900000000,-0.00800000000,,,-0.011000,0.002000,0,203.00000000,5.00000000,"Mass",,,89.92700,0.01100,,,1.200000,0.100000,1.200000,0.100000,6080.00,"<a refstr=LIANG_ET_AL__2021 href=https://ui.adsabs.harvard.edu/abs/2021AJ....161..202L/abstract target=ref>Liang et al. 2021</a>","<a refstr=CABRERA_ET_AL__2014 href=https://ui.adsabs.harvard.edu/abs/2014ApJ...781...18C/abstract target=ref> Cabrera et al. 2014 </a>","2021-04","<a refstr=CABRERA_ET_AL__2014 href=https://ui.adsabs.harvard.edu/abs/2014ApJ...781...18C/abstract target=ref> Cabrera et al. 2014 </a>"
"KOI-351 e","e",0,,,,,,,,,,,,2.64600000,0.14500000,,,,,,,1.211000,0.054000,6015.00,"<a refstr=BERGER_ET_AL__2018 href=https://ui.adsabs.harvard.edu/abs/2018ApJ...866...99B/abstract target=ref>Berger et al. 2018</a>","<a refstr=BERGER_ET_AL__2018 href=https://ui.adsabs.harvard.edu/abs/2018ApJ...866...99B/abstract target=ref>Berger et al. 2018</a>","2018-10","<a refstr=CABRERA_ET_AL__2014 href=https://ui.adsabs.harvard.edu/abs/2014ApJ...781...18C/abstract target=ref> Cabrera et al. 2014 </a>"
"KOI-351 c","c",0,,,,,,,,,,,,1.54400000,0.07900000,,,,,,,1.211000,0.054000,6015.00,"<a refstr=BERGER_ET_AL__2018 href=https://ui.adsabs.harvard.edu/abs/2018ApJ...866...99B/abstract target=ref>Berger et al. 2018</a>","<a refstr=BERGER_ET_AL__2018 href=https://ui.adsabs.harvard.edu/abs/2018ApJ...866...99B/abstract target=ref>Berger et al. 2018</a>","2018-10","<a refstr=CABRERA_ET_AL__2014 href=https://ui.adsabs.harvard.edu/abs/2014ApJ...781...18C/abstract target=ref> Cabrera et al. 2014 </a>"
"KOI-351 g","g",0,,,,,,,,,,,,7.76600000,0.34700000,,,,,,,1.211000,0.054000,6015.00,"<a refstr=BERGER_ET_AL__2018 href=https://ui.adsabs.harvard.edu/abs/2018ApJ...866...99B/abstract target=ref>Berger et al. 2018</a>","<a refstr=BERGER_ET_AL__2018 href=https://ui.adsabs.harvard.edu/abs/2018ApJ...866...99B/abstract target=ref>Berger et al. 2018</a>","2018-10","<a refstr=CABRERA_ET_AL__2014 href=https://ui.adsabs.harvard.edu/abs/2014ApJ...781...18C/abstract target=ref> Cabrera et al. 2014 </a>"
"KOI-351 d","d",0,,,,,,,,,,,,2.86600000,0.15100000,,,,,,,1.211000,0.054000,6015.00,"<a refstr=BERGER_ET_AL__2018 href=https://ui.adsabs.harvard.edu/abs/2018ApJ...866...99B/abstract target=ref>Berger et al. 2018</a>","<a refstr=BERGER_ET_AL__2018 href=https://ui.adsabs.harvard.edu/abs/2018ApJ...866...99B/abstract target=ref>Berger et al. 2018</a>","2018-10","<a refstr=CABRERA_ET_AL__2014 href=https://ui.adsabs.harvard.edu/abs/2014ApJ...781...18C/abstract target=ref> Cabrera et al. 2014 </a>"
"KOI-351 h","h",0,,,,,,,,,,,,10.98700000,0.49000000,,,,,,,1.211000,0.054000,6015.00,"<a refstr=BERGER_ET_AL__2018 href=https://ui.adsabs.harvard.edu/abs/2018ApJ...866...99B/abstract target=ref>Berger et al. 2018</a>","<a refstr=BERGER_ET_AL__2018 href=https://ui.adsabs.harvard.edu/abs/2018ApJ...866...99B/abstract target=ref>Berger et al. 2018</a>","2018-10","<a refstr=CABRERA_ET_AL__2014 href=https://ui.adsabs.harvard.edu/abs/2014ApJ...781...18C/abstract target=ref> Cabrera et al. 2014 </a>"
"KOI-351 b","b",0,,,,,,,,,,,,1.30200000,0.08400000,,,,,,,1.211000,0.054000,6015.00,"<a refstr=BERGER_ET_AL__2018 href=https://ui.adsabs.harvard.edu/abs/2018ApJ...866...99B/abstract target=ref>Berger et al. 2018</a>","<a refstr=BERGER_ET_AL__2018 href=https://ui.adsabs.harvard.edu/abs/2018ApJ...866...99B/abstract target=ref>Berger et al. 2018</a>","2018-10","<a refstr=CABRERA_ET_AL__2014 href=https://ui.adsabs.harvard.edu/abs/2014ApJ...781...18C/abstract target=ref> Cabrera et al. 2014 </a>"
"KOI-351 f","f",0,,,,,,,,,,,,3.40200000,0.50100000,,,,,,,1.211000,0.054000,6015.00,"<a refstr=BERGER_ET_AL__2018 href=https://ui.adsabs.harvard.edu/abs/2018ApJ...866...99B/abstract target=ref>Berger et al. 2018</a>","<a refstr=BERGER_ET_AL__2018 href=https://ui.adsabs.harvard.edu/abs/2018ApJ...866...99B/abstract target=ref>Berger et al. 2018</a>","2018-10","<a refstr=CABRERA_ET_AL__2014 href=https://ui.adsabs.harvard.edu/abs/2014ApJ...781...18C/abstract target=ref> Cabrera et al. 2014 </a>"
